"count_1","count_2","count_3","count_4","count_5","count_6","count_7","count_8"
962,736,7122,-5238,24758,-20869,-3702,-6257
-501,-526,4620,-6951,10963,-3754,721,5565
-109,-2365,6360,-3297,7069,-18012,3876,4257
269,-213,934,-2896,5394,-23831,1796,-3838
-101,512,3299,-3026,798,-15614,501,9876
710,77,2965,-1544,12176,-12550,-4344,-4651
6,558,7459,-4837,4764,-16738,-196,-3011
-20,2396,2488,-8865,10185,-17486,-4790,3792
-343,2469,1493,-8364,7814,-16131,1907,-2198
-795,-2208,7439,-9556,15134,-2112,-3474,9778
-739,-553,6284,-6872,23332,-7445,94,-7450
218,640,5334,-8157,8303,-2471,-410,5188
-70,-478,6260,-6056,19008,-16824,3583,366
325,741,9400,-1393,5991,-795,-2999,-5552
-968,-727,6431,-7559,7334,-10859,-105,8068
750,165,3829,-9557,13989,-3553,1441,-2407
756,-1065,4067,-3582,19684,-18312,3309,2206
-372,-141,224,-2476,16119,-1716,-1685,-2882
-985,284,9621,-6362,15348,-9812,-3261,737
-64,1260,7571,-5010,24373,-3309,-4576,6412
191,-1545,3371,-7816,17324,-23808,-3917,9899
956,1142,4799,-2060,11629,-11522,3609,-1879
404,-1051,6806,-789,12823,-22769,-2967,-5629
-36,-1898,1084,-2650,21795,-1037,-2735,-9190
962,-846,9750,-9779,6146,-1958,-442,8718
73,1966,1780,-7661,3514,-19709,-202,-1721
-942,211,7400,-4231,7940,-10014,-1179,-4473
-106,851,5535,-5810,5318,-23735,4629,-2983
803,-2355,27,-1142,10159,-15958,4623,-4440
-187,-361,9241,-6672,9884,-3902,-2154,-9862
536,2358,9168,-1591,24462,-12910,4246,-5932
876,-1322,1698,-2609,13873,-16689,-256,-2585
-926,-2174,4051,-1863,19197,-2788,3693,-4612
966,-1579,1690,-9935,12998,-17086,-1663,7382
-186,183,5161,-9877,8504,-13836,76,1588
734,-1208,1202,-1626,9149,-13804,-1005,-6489
153,1824,9651,-7604,7237,-8194,3398,9467
955,519,7842,-4996,20222,-8501,3311,-4589
-667,-2140,37,-5287,5359,-2782,95,266
204,2421,9583,-4465,18697,-2950,1279,-7105
54,602,4854,-7510,22556,-16756,-1936,7324
-615,-1273,2549,-7189,14944,-22955,-1924,7252
648,-1062,8391,-8499,12159,-5094,2248,4444
-993,2298,3811,-1078,23166,-10847,-3993,1269
3,-778,9709,-5393,4798,-7374,3111,-666
-27,-423,4570,-7050,21472,-13587,3416,-3840
-743,-1914,5168,-7852,6970,-7646,-3856,-739
-127,214,8983,-4433,21868,-17555,-213,-811
6,1790,8970,-3398,19649,-15938,-2581,-7068
-676,-1559,8254,-7663,2808,-10351,-1190,3383
689,-195,7231,-5797,17146,-20468,2293,-4047
579,-1194,9335,-9756,12091,-24997,-1082,-6891
-803,1077,7539,-3862,19036,-4424,657,6916
-229,-1757,3316,-4723,21505,-12738,-405,-3120
687,1554,4993,-8771,11105,-206,4216,3644
-300,1609,7754,-5191,18889,-300,4645,-542
975,-1128,7999,-1392,13949,-24202,-229,417
428,-1848,3897,-8670,5207,-13289,4941,-2797
622,-533,3627,-1512,16768,-15674,4302,8700
-497,1489,1631,-5739,22824,-11837,-2684,-2192
687,-1652,5220,-7067,24950,-4387,-1599,5581
410,1617,8546,-3142,6701,-6076,3390,945
114,-1717,2366,-3008,10767,-22270,1302,-3730
769,-1823,6499,-3786,11053,-16500,-591,-7127
401,1224,7102,-3522,20790,-12808,723,-4822
882,1722,2792,-5323,21953,-2191,-653,-1583
-581,-757,1809,-3170,3913,-10996,-4532,-717
-769,-1713,3687,-1640,17278,-10640,4679,3703
660,415,9984,-8950,18560,-17771,4828,5500
790,-1560,1080,-8739,3000,-692,-3299,2213
867,-874,4439,-1782,20186,-10005,-1181,-9682
384,-2177,9302,-6975,1391,-18308,3749,-3158
726,-1421,8157,-6623,13124,-1445,1851,-4815
-869,-1472,709,-5138,11407,-14360,-2002,123
-823,-1241,4461,-6815,3502,-7328,1595,8386
-84,-2031,7246,-4909,11738,-11877,-4993,4067
852,-1079,930,-9637,23764,-19271,604,2404
-733,-188,3420,-1381,16209,-14820,2943,3579
-980,-133,3422,-4139,4582,-2923,3750,6575
528,755,4072,-8570,15950,-8408,-817,-1949
155,-3,5393,-509,22551,-11385,4766,-8657
238,1703,4856,-6867,18168,-13266,4129,7793
699,-1877,31,-7656,7446,-7488,1333,-2179
139,-183,9083,-4276,14707,-1655,-386,-3446
942,2237,2232,-5735,19512,-24897,-4822,7347
-654,1959,890,-5198,11275,-11012,-4998,6669
485,-809,8372,-3632,4013,-10,2187,1339
641,-1211,9057,-2903,10343,-12739,-903,9103
702,1867,7028,-802,10421,-9892,3524,2625
-922,2175,726,-2444,20957,-6367,2684,-7086
-213,10,621,-9510,7819,-1466,-4704,-3098
-743,-38,1789,-2313,2206,-3933,-1490,-7329
862,856,5229,-2311,8596,-16889,-3639,8880
-91,-648,5359,-6750,15094,-4190,-180,4424
-163,26,6059,-8151,22767,-24760,-920,-9750
-101,850,1377,-1716,19296,-7112,-4839,4953
-588,-1514,3817,-8820,15098,-14465,-4324,-5211
-929,1080,1905,-5360,13120,-16425,-3762,-6494
-558,1707,7876,-6045,15229,-19847,3663,-2499
-783,-865,429,-5829,14284,-4319,1489,-6127
-87,-2457,1166,-1370,15561,-21184,18,9705
794,1381,8020,-9491,13088,-3856,2072,770
-397,-1463,2554,-1991,10578,-15682,-853,-6626
-124,-1835,2530,-7859,2821,-15804,1044,-1257
986,-1583,1272,-5913,23178,-22010,-2694,4964
-657,-229,7200,-7512,4486,-561,4992,-2399
-987,-2439,8598,-3386,5285,-18548,-3922,5708
862,1832,7761,-6734,3991,-7131,4268,8991
990,-2309,4752,-3395,12178,-14593,3898,-3906
87,-1339,9636,-6371,11637,-8816,3988,5911
286,-2084,6132,-1747,522,-10923,4204,589
-217,-1280,8612,-4048,9323,-16616,3393,4124
130,-751,1299,-7845,3143,-7985,1075,-1646
290,1637,4965,-870,22592,-23139,3930,-361
-772,-1895,3108,-306,24141,-2560,-1424,-6788
929,-1240,7347,-4029,18122,-11638,1721,-4927
183,-1979,6455,-2180,291,-23666,1014,9703
-767,-1681,8106,-1525,5740,-20438,-3433,85
-394,835,4591,-3678,15614,-5462,-3408,-6966
115,-2461,5097,-1452,19723,-24564,4518,-8872
724,73,3348,-7045,20151,-1946,4335,-2105
-532,-343,6,-7836,3360,-21289,2577,-7844
362,2230,6345,-7783,12535,-20725,-3034,4759
-702,-1551,8589,-8525,701,-3662,4252,-9123
-408,-1642,2856,-1952,18448,-14896,-2864,-3720
70,-134,6215,-6020,18391,-22771,2817,306
990,-1901,946,-6189,21466,-13958,1053,6998
-158,-1755,715,-5517,5608,-13255,-672,6588
-648,477,8140,-3037,11688,-1688,-3082,-3172
-106,475,9833,-6822,3963,-4957,-1588,3257
268,956,2785,-5152,16799,-20875,-400,-9890
-86,117,9265,-5384,6148,-13737,-272,9450
388,-1772,721,-8675,9729,-9463,2278,4907
125,-2336,3290,-5401,1840,-11641,-338,2797
-734,680,8840,-9545,21124,-11277,4026,-3717
-131,1003,9523,-9557,24611,-18566,-1652,-5830
-858,207,1583,-4071,4154,-20208,-1904,-1754
-62,756,5295,-4876,11550,-6661,-4791,8935
547,275,5096,-2434,21195,-7956,1541,-8614
534,-353,3815,-6823,5020,-11447,1127,-7114
-365,92,9033,-6503,6342,-6016,-4176,-6074
695,1727,3482,-6821,8969,-10214,2908,-1477
438,795,6677,-5856,14555,-14621,-4694,-3493
-488,-511,3017,-7746,10009,-19184,-4324,-6234
-577,888,4258,-5593,18814,-15523,-3625,3143
-254,-2342,3708,-9684,1815,-16615,2161,-6771
775,-2198,7423,-9004,11340,-9120,-1307,7108
674,-1333,843,-770,23098,-13801,329,5360
-758,-679,338,-8347,4202,-2372,-3726,9100
-240,2013,6300,-3371,2362,-13141,-67,-4177
-419,1297,8396,-2225,7978,-13110,-250,-2244
51,-1454,1468,-9161,16656,-11281,-2550,-5965
-259,-319,8558,-2194,10901,-14862,1894,4247
98,-495,6280,-2195,4239,-10159,-4632,-5645
428,1761,9846,-7094,23250,-6321,3985,-572
-854,1850,9195,-1096,24767,-20682,4283,-900
-892,-2007,7201,-4903,9888,-18996,1372,7042
-504,705,6697,-1288,9991,-3993,-2710,-8054
-659,-1976,2623,-94,21567,-21977,-3573,2521
-385,-1106,8734,-1973,10657,-19891,1948,-1046
418,-2220,4237,-4358,18295,-7351,-1830,-8673
-767,1119,4027,-8496,1768,-17465,1747,2075
255,2052,6495,-8539,22589,-8773,-3223,-3002
-280,-159,2279,-7776,11850,-15684,2758,6460
887,-1590,1511,-7198,23051,-13494,4426,-1410
-545,325,301,-7202,2324,-15020,-1311,9159
-826,2092,2467,-1981,18847,-4408,4045,2793
-626,1063,5764,-6929,6611,-8091,2349,-8031
803,-1433,9706,-2260,22581,-20639,4240,-945
-147,-970,529,-6296,16808,-11675,1357,2441
19,431,9262,-781,1642,-2064,2589,-9788
502,811,4689,-790,3006,-15646,-1025,7188
-307,78,8907,-7506,8846,-3637,-1727,6260
161,-1775,6151,-2207,22564,-4694,-1475,3879
152,-24,225,-3879,13721,-949,-2954,-1760
126,764,9113,-6743,22715,-5823,2608,-2709
872,-428,7102,-7894,16227,-3607,-87,-2814
120,702,2719,-4713,11238,-9485,-1725,-9116
-38,900,2994,-2460,20980,-1903,-4998,-565
-698,-397,5753,-6587,5439,-10692,2339,9202
970,1938,8182,-7593,5494,-2239,956,-60
363,-444,7197,-2891,9051,-20582,3691,9864
679,-1581,8274,-3201,24698,-5617,2218,-3504
284,-1657,9246,-9735,2366,-15483,-903,4383
-33,1520,2001,-1538,24944,-11219,3680,636
125,109,6626,-3428,3886,-17970,-3192,7913
198,-1662,5396,-574,22722,-21246,3608,100
-927,-2464,445,-6728,17545,-4529,-4904,-1793
252,-146,6657,-5202,10565,-11958,-1164,9295
-370,-1044,8753,-8497,11941,-7212,-3096,6384
-587,491,4,-6313,3492,-400,502,-1856
-793,-496,184,-2302,1085,-11862,-4725,2396
257,-2043,3290,-6756,4535,-222,-3933,145
-867,1869,1571,-8146,4053,-6213,-357,4116
-702,750,2099,-9411,4997,-18858,2915,8994
878,1706,366,-386,11521,-3617,585,-4256
79,-2174,7551,-102,6475,-10262,-2243,-8321
981,2107,1251,-8503,19873,-18086,-73,-4579
319,-2353,6259,-2786,17981,-6497,-3577,1012
-679,-559,1077,-7770,21909,-9425,4426,-7845
477,-610,8836,-7536,23800,-14819,1486,7796
947,-772,3962,-8774,21400,-20939,-3889,9062
-530,-1686,4114,-5600,1743,-11856,-1197,4202
-200,921,323,-7583,19740,-1290,-1985,-7989
-967,-1765,4785,-4718,23193,-8396,3314,-1205
341,-1882,3939,-3457,12278,-8337,3549,7529
-703,-165,4598,-9778,18256,-8154,-208,9261
-6,-1976,1623,-8792,19351,-5407,-2390,3922
-140,-1280,6599,-8997,12013,-24470,4393,-3502
597,-1904,782,-9159,9814,-9968,-4093,-8164
-560,1525,9668,-7118,24976,-17729,1928,-8093
-503,-1514,9181,-9056,1611,-10890,3550,-1458
215,-729,2614,-4851,7583,-12982,-4202,3771
901,2107,5165,-7210,22893,-14078,-447,9113
654,-2066,2714,-4501,22720,-7554,3645,1385
16,1049,8692,-9596,683,-18404,-1906,6749
-116,-566,7168,-399,14409,-8095,1220,4342
-678,1230,3459,-1363,3183,-23600,-2295,1552
-99,-104,5963,-6306,4208,-7639,1555,3556
194,687,1377,-4328,8898,-3876,-2879,7403
220,333,8234,-5285,23349,-9303,4171,1416
-373,1927,7951,-5535,22484,-19848,3375,7704
-671,-126,4694,-968,689,-16666,-4281,-5279
-87,-119,5934,-8450,6326,-2807,-4851,8549
12,2062,6622,-5730,841,-12722,-3667,-2505
-479,-1833,3510,-9712,12837,-18754,4931,-2039
530,929,6900,-7867,7640,-16820,791,-2842
-18,2408,3927,-7619,5446,-22691,-3263,8312
-820,173,8847,-1928,9089,-2538,2268,-6424
518,589,817,-6360,630,-16427,-291,-2361
-999,-1064,7118,-8432,5134,-8031,-4397,4990
586,-2271,3579,-1129,179,-4454,-1073,-8387
287,497,6111,-5764,21938,-20327,-1465,2320
-731,-537,2999,-6561,18220,-17590,3710,-6608
126,-2214,8491,-4483,12687,-20385,-356,-7544
932,-2370,5590,-9037,12112,-6996,-3987,-1762
-266,1448,1535,-7292,5401,-16038,-644,6017
-663,-1877,9638,-8160,4277,-13215,-4163,-1009
-210,2020,3201,-326,10551,-162,1379,9457
205,957,6763,-7385,13358,-9185,2140,6098
943,-432,205,-4002,21631,-11485,-3432,6712
696,-935,4581,-4882,20247,-4855,922,-8897
-217,-2136,6022,-451,6667,-15598,-1343,-7902
626,2400,1121,-4735,10524,-20346,-2910,7147
921,840,7043,-3972,1856,-23883,3750,-8806
-784,157,380,-1947,13863,-9500,4255,5117
837,-2002,6499,-7362,14255,-18337,1505,-1448
536,472,3965,-8118,17415,-16024,-4473,8401
452,1716,3704,-2221,10519,-17984,-4439,351
-464,-869,2206,-4605,22399,-7593,3656,2128
-774,221,4469,-5909,4822,-11912,-1695,-2513
-997,-423,5382,-7595,18578,-24511,3925,-8879
218,1537,2069,-4958,8028,-12699,-4479,-4672
-787,-1374,7219,-5144,13336,-23252,188,5227
-248,-2222,2973,-4588,22001,-8812,1548,848
828,-227,552,-7692,23726,-20829,-1170,1446
-899,1665,24,-5704,964,-24083,-3408,-7146
476,1760,9387,-4542,4708,-13867,-3578,8886
-932,2010,3172,-3244,24275,-1835,-2709,5635
-702,1453,3506,-439,13976,-14317,1394,-9239
235,2269,5880,-8207,6565,-8141,-276,-4880
632,-2225,3137,-7677,20655,-13793,-4371,8545
212,477,5156,-9147,14388,-12005,-4262,-5096
-178,2209,4831,-485,12307,-4463,-4591,9450
-634,2057,3361,-7497,23624,-9891,4236,11
530,-2173,7366,-9566,19471,-21868,4464,-814
953,1097,941,-1882,10954,-19482,-3267,-891
-741,-741,3949,-9265,18260,-11251,-3123,9975
889,955,5514,-4228,9708,-10921,4848,-2642
866,-2421,6191,-7068,18006,-20392,-1824,7707
553,129,9094,-9863,17296,-12853,-427,-9910
-201,1441,7084,-2243,16169,-12662,-4446,-2800
760,-264,8380,-963,22782,-24667,-3632,-460
111,1346,6705,-1596,777,-3867,3820,-5911
794,-2092,3897,-2952,23679,-13285,-1641,-17
336,-1386,1439,-9261,23205,-17643,-2936,-331
-214,-1003,5731,-5454,22272,-23131,-3249,-7872
989,-1776,2227,-7033,6310,-2243,-690,5235
-281,-592,3222,-1344,3170,-19703,2972,-6558
-695,233,497,-4370,12174,-24577,2003,-9499
109,-1769,2647,-8753,14694,-20033,3408,-8097
-789,-1306,1392,-7778,12239,-15876,3887,2755
14,1276,7240,-3714,11947,-11483,4776,-746
-521,332,5413,-6375,14554,-12892,-3105,-4117
-495,2,9563,-5860,6239,-2785,-4226,7180
-962,-1689,9069,-9926,3916,-1474,3096,4703
-815,-862,4709,-4613,1256,-9492,3972,-1807
879,437,7294,-6163,11787,-12116,-2703,-1855
751,-2451,2705,-3757,5275,-22565,553,9579
-706,1555,6734,-4348,11723,-17016,-903,452
4,589,5091,-1148,12666,-5082,-1434,3296
908,1755,3908,-7818,18600,-6778,2108,2507
-134,-2298,6162,-2479,17383,-3169,4505,23
-464,-2108,1943,-2014,12356,-23398,415,-6487
-372,-1720,4116,-8828,9758,-24085,1344,3063
394,1226,2807,-2567,2834,-17615,1419,2612
-224,-17,8317,-74,13102,-11251,2388,4008
-787,2415,9512,-453,8468,-23447,225,5364
-431,965,201,-7823,19532,-15289,-4613,-5164
156,2286,1897,-8071,8805,-15633,4147,8775
-381,-213,6465,-9760,5838,-17874,2300,-697
-368,976,895,-1450,13757,-8407,4323,8271
461,-449,3365,-5519,1975,-22340,1510,4741
-571,-2059,7253,-4751,23973,-7767,2876,-4788
924,-386,2572,-5857,19669,-12245,-1360,7853
985,-1999,9523,-4747,12908,-5956,-799,7298
-740,146,4574,-7641,18131,-7195,-1800,8477
-171,967,4639,-3729,20878,-6153,-3497,-5538
-880,1650,4290,-8270,7723,-497,3264,-6663
-156,2440,5390,-37,10000,-23546,2273,930
71,225,7804,-7399,13812,-3036,-3807,3880
58,2432,2909,-5651,17597,-7449,-1449,-248
829,1335,8792,-9160,1582,-4781,4794,4300
612,-1617,9697,-5003,19946,-1019,-2286,8524
-565,1357,7948,-3093,9241,-14217,-1250,2869
828,-113,3229,-4816,9021,-24984,3079,-3958
363,161,1309,-8492,16972,-16391,3702,5525
210,-1923,848,-5990,13752,-8679,-2177,-7169
362,2212,4554,-809,2979,-9053,3068,9698
665,890,5987,-9887,7270,-19269,-1594,-7632
972,-466,2355,-2528,22132,-3862,4807,5661
87,-1903,7142,-1549,3084,-1785,3601,6427
732,-448,3838,-40,22472,-5974,-2844,787
194,1341,149,-6847,11009,-14900,-178,5905
675,1256,3536,-7845,23337,-5180,-4549,5223
-604,1866,5337,-8209,6549,-22401,-3022,3721
449,2155,915,-2985,6712,-20394,4381,5605
779,1026,8453,-5200,22860,-5279,-3365,8939
349,624,4239,-6064,13194,-2168,890,-6358
-413,75,4251,-4493,13771,-12409,3227,-3956
502,682,6143,-6423,12191,-22937,3053,2074
-576,-375,7809,-9977,15041,-20434,543,5321
-886,-2319,1920,-246,22763,-2775,3299,8922
-946,-1710,1878,-3193,7546,-5801,-2094,4675
237,-135,3836,-2449,6507,-10564,3101,9197
-645,-494,7399,-9513,4829,-9483,-3252,6007
129,-254,605,-3794,19509,-7234,-110,-4664
-745,2227,9515,-3652,10419,-1617,1005,-6817
-158,1676,6321,-4694,21863,-21824,1532,-3311
-241,370,7617,-2108,6904,-17238,-3026,5820
-388,1122,639,-3599,22658,-4460,-4632,-8848
-54,-1101,3216,-3209,1148,-16060,-2815,4088
108,1951,7002,-1727,9747,-10279,2020,7805
-717,-336,6559,-1506,13756,-6706,919,5046
-448,261,5295,-2271,24140,-16766,-4697,8650
-912,-2007,7358,-3062,18526,-21259,2495,8811
911,-211,234,-1994,8244,-7281,-1714,1834
828,-1052,4150,-6691,8099,-20575,-758,6232
962,-662,3470,-9025,544,-12783,-4411,5615
-59,2273,5736,-3289,22602,-3275,-2129,6608
-179,-856,1684,-1944,8801,-1360,3489,-7118
914,-159,3100,-8544,20883,-10577,3316,-6672
-888,-2271,4684,-9051,13155,-15005,138,-4971
-721,-1239,8379,-2223,13590,-17912,-4284,-1810
941,-2436,6404,-1674,21514,-16589,-366,-5621
-451,-1642,7514,-613,12076,-22037,-4371,3099
-715,-1614,5932,-1226,10810,-19050,-4347,4035
-909,1945,7962,-3931,13544,-1526,4819,5810
616,1066,8665,-5500,12285,-21379,-3592,6222
990,1100,1125,-3408,24358,-1397,1533,2948
-347,-1827,9703,-44,8807,-9742,4435,-503
880,116,6357,-3200,19115,-10938,4993,-8734
-568,644,3611,-4378,9964,-6945,-1418,7404
-968,-2421,6373,-1450,1841,-11200,2011,2611
103,-1825,4939,-5624,8392,-13096,-4672,804
-565,1507,2644,-4084,11595,-11241,-2550,1113
-805,-607,8402,-3117,18077,-16932,1489,-9717
-813,344,7535,-8768,14099,-1975,890,920
-489,-528,4813,-8097,1750,-2832,-477,9577
790,-1049,5598,-6188,4002,-7684,-3955,3789
700,-1683,3866,-1423,7260,-5776,-4826,3666
-90,1028,7753,-5709,4213,-14024,2855,9204
-68,-687,4005,-3309,13552,-16431,2757,5133
-870,-2279,3745,-9136,4839,-20008,-1025,9396
839,-1493,4118,-3635,11297,-14449,-618,8577
-638,490,1508,-6375,1867,-6653,-3539,8105
79,-628,2874,-5958,1061,-9190,4544,7548
674,-2255,3859,-605,19805,-11106,4502,2648
-530,2013,403,-6316,11189,-14375,1694,-4731
-709,2443,5688,-683,21150,-12214,-3441,8278
217,-1871,7864,-7068,23227,-17699,-29,-4918
-736,-513,8110,-5661,6372,-23071,1386,-3680
-101,-2186,6613,-7808,21204,-7412,4836,8425
-85,-748,261,-3038,20031,-16296,-4087,-3121
-637,366,4604,-4978,24735,-19307,-888,917
-930,2180,7868,-1271,13053,-24798,2633,-9681
114,-2241,4204,-8152,18169,-6131,-3241,77
411,-773,3393,-8583,7596,-1460,-2143,1761
939,2166,1747,-5650,1097,-2406,296,-3761
989,-1364,6904,-7283,18627,-7409,-591,-8795
-665,557,5406,-2405,19219,-2540,-1713,-3742
-864,385,9205,-3850,12174,-6453,1896,-3664
-723,-676,3374,-490,21285,-9079,3371,2397
-169,1923,9441,-8619,23180,-8380,-3337,7364
931,1751,4236,-759,18690,-18349,523,2040
-523,-2034,6466,-2251,16964,-4543,3757,-4576
110,-1075,2164,-6835,7452,-7269,-853,8168
939,744,1374,-432,15409,-16013,167,3071
-980,-2260,7392,-789,13564,-4536,-3977,6834
-714,-1423,3194,-4517,20545,-22860,-4228,-5670
-645,1045,41,-3083,7743,-476,3901,3913
400,-399,8047,-1220,24800,-3916,3758,-450
-464,299,6591,-9539,16735,-15031,-4341,7519
615,2489,5199,-8559,17456,-23002,-2336,2107
-445,-2187,9982,-2738,17512,-21716,3089,9274
-723,582,2629,-6388,21780,-13809,-455,5007
666,2432,5365,-7302,9972,-9141,-1523,-867
217,-1314,3917,-3290,7326,-13839,2553,1151
-403,-1608,1403,-6737,14031,-2108,-3697,-6451
342,751,2010,-9214,24150,-4568,1381,9252
292,-496,2585,-5770,51,-8332,-3712,5753
-14,-755,4341,-9637,5891,-7068,-2361,7276
-784,775,4018,-3516,8294,-23013,2979,-6348
406,1724,1540,-8606,15909,-5435,3647,8913
234,646,3896,-8605,3841,-15830,-2374,9609
220,1463,9704,-9238,12824,-10688,3733,-4952
-650,2132,3997,-1559,5099,-16235,1749,7328
-556,-2159,5921,-8723,24545,-10994,2483,-9865
673,1265,4392,-192,19715,-896,3961,1209
691,826,5912,-2165,1047,-21622,-3769,-1922
-139,1427,9252,-1544,5512,-21916,-2579,2055
38,552,79,-351,12629,-4728,1348,8623
813,-1811,8912,-3567,7848,-23815,2985,-265
-683,-221,6462,-2817,21800,-12221,-1775,-965
-594,-2062,5575,-4101,2869,-24596,-259,-1409
169,-790,1103,-6438,14810,-8889,-4717,-3574
892,-2320,5070,-3432,9971,-3440,3146,-5774
-403,1901,7396,-8148,13111,-21652,3307,1888
874,-2097,4546,-9098,1109,-21706,-731,-5960
-803,-2037,5234,-6238,4249,-11323,-4374,2814
-485,-1383,4200,-6488,17259,-9110,719,-3171
900,-272,7745,-906,10290,-10563,3025,-1673
-30,1376,8084,-7766,11957,-20402,-1089,-4990
-901,-892,1700,-1191,2844,-6025,-4982,6659
813,-1192,1688,-9103,2834,-22441,-4371,8831
-110,-134,4329,-1448,23928,-22779,-3647,-5730
989,371,1036,-630,14827,-21676,-4271,-1888
2,-1999,1504,-1812,14225,-14363,-3547,3517
693,-1621,6320,-6117,9787,-69,-1331,-934
20,-1362,9552,-1208,10894,-19197,1432,-6720
-852,239,3255,-1676,13092,-12313,-3079,9910
41,248,6668,-2225,757,-23396,2298,2189
-570,2398,9128,-1551,18182,-21870,4913,-4696
-400,-1937,7811,-7103,10830,-15503,1472,424
226,598,5933,-1105,10849,-2719,1968,-5322
390,2250,1600,-9361,20985,-17128,4614,7076
-589,-1144,5984,-2839,16163,-6879,-3610,-1545
216,1602,3722,-798,15422,-16156,3809,3859
-464,-72,8208,-8641,9787,-3325,3325,4155
458,1717,4763,-5006,24473,-2073,-4534,3055
-701,2176,1700,-6580,4295,-984,777,-5270
520,-646,145,-1341,9733,-10288,-1467,1202
-464,581,9340,-909,15644,-13994,-2503,7519
955,-490,2172,-7400,233,-6421,-4388,7431
-958,2357,8762,-9345,12948,-8862,1806,9551
468,2058,2845,-7123,7325,-15753,-4619,4232
596,2493,4752,-2406,15922,-13257,-1486,-9339
-70,-1931,6556,-576,20411,-937,63,9844
-67,2377,5254,-5032,9720,-6647,-520,3868
451,1061,8013,-4829,16651,-8455,-4244,-8420
93,-572,309,-8582,1953,-21871,-3519,517
840,1401,299,-7173,5985,-14000,169,-1634
-980,1316,7411,-1962,2565,-14286,-4404,-8310
166,1311,3808,-2345,13473,-6461,-4988,-8997
953,627,8033,-9840,20568,-18787,-3421,-9211
-171,-1913,8354,-895,11979,-14085,1594,-3086
-123,1889,737,-9589,2123,-7846,-1680,7170
-824,2444,7010,-8363,12415,-8424,2517,6760
-825,-831,2891,-5333,15951,-1214,-3628,-705
264,2025,4895,-7967,8940,-9020,-4085,-6940
468,-2251,6947,-6600,16269,-543,-3506,-9605
-655,2490,4712,-7016,22467,-6567,897,6549
-840,2067,5337,-4172,24050,-24381,2282,-9586
820,-1769,2210,-1941,13225,-5023,3958,-7233
-303,136,473,-9216,23475,-14695,4616,-6407
565,1613,109,-9603,16057,-2765,3287,1966
441,-1019,2072,-118,11663,-22263,-2622,-625
293,1921,4463,-3787,7712,-581,-3827,8788
979,1465,3571,-7594,2624,-23795,2351,-5484
276,156,704,-9259,7880,-14657,-1530,-9542
-508,721,9024,-6034,20877,-21048,-1015,-354
-769,-403,9164,-4306,10366,-24428,-4146,8483
-777,390,1850,-28,8817,-20125,-813,-3866
33,2234,1225,-6429,4598,-7,2428,-6319
643,-1178,2333,-6218,6245,-10792,-320,-4491
-16,468,6414,-7070,8902,-15421,1807,-8228
-206,-870,4546,-5441,16760,-23548,1810,7941
36,-108,6867,-7912,12837,-21084,-3326,-8819
-906,2003,1802,-5313,4720,-2660,3666,-2379
589,2314,5837,-9935,7460,-2115,-937,-6640
-184,-139,3683,-1896,1460,-1712,3970,-1687
545,736,732,-6356,1379,-16133,-4683,3275
-962,267,9442,-6258,10973,-8409,4426,585
524,-2491,573,-65,10843,-6842,3548,4326
751,368,5447,-3978,1686,-22784,507,7877
-86,460,9264,-7396,16179,-9517,-4008,1698
362,-1050,2049,-9861,12363,-22342,4918,-4787
627,-1978,37,-7326,17339,-20308,-569,-7566
244,2355,3374,-1657,19842,-18367,913,1629
-729,1772,3880,-4599,2859,-12993,3243,7325
124,872,3197,-9541,23452,-15485,-4034,-584
255,360,9723,-8967,7304,-19678,-4357,-7717
-244,1492,1061,-7105,17113,-3564,-4843,-2698
578,632,5334,-351,22225,-22954,4420,9214
-826,-372,5117,-8531,19177,-12030,-1895,-3097
583,2473,2340,-804,24926,-7018,323,7504
-406,-484,4457,-2314,12703,-16802,4156,4730
-276,327,5859,-2784,1729,-8262,-1753,-3872
-691,-323,7135,-2571,9793,-777,-1548,-7975
829,-683,2392,-5349,24222,-13243,-295,-1947
-229,-193,706,-5787,17446,-16423,1830,2315
520,-1246,8118,-2105,4675,-14504,2640,2510
18,-471,3301,-2977,8748,-1351,-4329,1637
632,892,7155,-6352,15652,-10602,-26,-5668
557,954,1318,-6799,5730,-14508,435,1103
-415,-1258,5046,-2701,2992,-6331,3761,9264
-951,2192,5255,-9114,3085,-19019,-4206,4849
670,-2045,7246,-7970,24344,-9197,-2015,5021
895,117,7041,-5622,22629,-15987,2967,6143
-794,1687,2955,-3100,23490,-19690,1653,-5040
-433,-273,2347,-7347,1226,-5029,4169,524
-93,-1968,8025,-8155,15778,-10598,-2771,-157
483,1447,4321,-6688,2116,-24392,-69,2091
-353,2322,6253,-3722,9576,-23877,3307,3401
348,-2442,9950,-8681,16178,-2595,3620,9053
-243,-1069,9052,-7791,17171,-16518,3975,-4082
971,-647,701,-2528,23190,-7589,803,3330
-262,-1178,22,-1920,2967,-16431,1378,1976
265,53,2758,-6633,21832,-23359,-1823,-2816
-516,1029,477,-5901,9650,-14695,-3258,-8120
761,1392,7518,-2185,7438,-9738,2271,-8505
121,-1331,8215,-8645,3149,-17748,-1097,-5386
892,1264,6102,-8051,2511,-8530,3266,6883
242,1302,9530,-7814,16203,-18440,4909,5534
-91,1175,3655,-7389,14239,-20611,524,-542
642,1382,5120,-1516,23037,-5377,-2786,-2935
-671,-1936,9161,-7138,12608,-8801,-13,-3344
79,541,417,-621,19278,-22626,-1399,-267
653,2196,8538,-8348,5639,-2970,2746,-5733
-136,-93,9856,-8787,8399,-13886,-270,376
-197,2061,7504,-7807,6159,-5807,-67,-7304
-730,-2283,8137,-2222,19065,-23638,2467,-8571
332,-1258,5668,-2488,6907,-15913,2178,-307
71,-1032,519,-3453,1233,-20795,1622,7983
-311,-2231,7802,-1859,14545,-9508,-4020,-5097
-211,486,7644,-9628,11774,-15082,4481,-9398
603,-1595,8330,-3981,24107,-7915,3951,-9607
-252,-1671,1101,-5616,17678,-9423,-605,-3674
-505,-713,9249,-1617,16092,-678,2769,4875
-173,-1704,5935,-6270,2199,-22057,-2051,8395
-327,-1599,4911,-1137,11395,-23647,-4943,6369
-869,-704,5918,-4938,482,-11554,4853,-2270
-496,1510,3741,-3495,16923,-20672,4859,8775
870,1092,205,-8930,19263,-4323,2390,1751
-932,1059,3786,-9508,1889,-22618,3219,2070
-119,1563,5033,-6996,21259,-24042,-1764,8709
319,2137,8676,-3471,21162,-15429,781,4396
168,2078,2921,-9930,9827,-4143,-885,-752
-261,947,4202,-1529,10547,-7246,-4022,8186
604,1305,5726,-1730,19984,-14011,790,6037
156,-20,5636,-3728,10422,-8407,4774,6526
-111,455,7458,-8246,5772,-15295,3902,640
246,-1178,5804,-5981,16553,-3005,1044,-8254
851,1865,9785,-7559,14158,-4654,-341,7493
-766,-2108,6837,-1565,22717,-10947,-2837,4459
152,2490,3078,-4679,5723,-17660,431,3759
455,-997,8619,-4842,17563,-1845,-3560,-4386
820,-1271,4683,-9096,1246,-9998,-3847,2340
115,2012,2622,-5912,20607,-4293,-2463,739
34,-2018,4918,-5775,19337,-22178,-2891,-1908
172,2414,7602,-906,24320,-2050,2736,6777
950,-393,8562,-1278,21543,-6068,-1754,-5399
-983,2298,3729,-6729,971,-18598,1110,-8054
42,-1123,7814,-6326,22291,-18096,3553,-4635
333,-1672,5206,-7167,928,-3304,-3162,7169
-770,-2084,2400,-2514,19646,-23081,-4217,8333
-540,-709,3625,-4981,214,-5265,3496,3260
136,881,4487,-4605,938,-16667,-4979,-6517
387,229,3859,-1944,9740,-3124,-1941,3497
-451,-451,7285,-3451,11231,-23675,-3784,7560
-74,-2357,2936,-7475,17671,-10579,-3701,8484
14,1355,2202,-8492,21908,-8469,-1729,-2725
708,493,7610,-7673,7815,-5817,-896,-7638
907,2347,515,-4362,3989,-7530,1158,-3986
-25,-2460,4777,-7920,13339,-9818,-3870,-9954
-346,-2113,7420,-1478,13026,-18963,4288,6789
-472,2166,8216,-5240,2908,-13998,513,8261
836,1115,6935,-9546,23194,-19666,-2361,511
-317,-1942,671,-5008,21343,-15051,-4829,7326
-496,-2222,1829,-9666,1621,-18422,464,3129
867,796,1311,-9002,9796,-23265,-1168,3277
216,-202,1710,-4345,12108,-1208,3192,-3375
677,637,3176,-3470,17359,-23775,198,-9496
847,2099,4728,-55,8539,-1806,2196,-9477
-85,-92,658,-1445,1686,-18454,-186,-4895
-921,1912,918,-9751,8180,-15556,-4995,-2262
809,-2073,2399,-9762,17839,-9297,-2705,-3918
793,-2229,4500,-3165,9039,-6943,4933,-3060
363,-2003,6750,-7533,23458,-19429,-4091,9298
-829,1333,3296,-8403,15131,-10686,1209,8960
-400,-2005,7185,-8228,8210,-3123,2388,-6799
579,865,7822,-6335,20835,-2025,2626,5308
-796,-1090,568,-6444,19783,-11050,-4405,5706
779,1199,2029,-9750,22341,-17667,-4910,2835
-685,1339,7384,-5846,23371,-16147,-1654,-2595
-143,-1173,3998,-9523,17536,-15670,-3657,-4239
142,2469,5174,-8765,27,-20803,-1188,-7191
790,-1367,2048,-5120,17337,-16556,3202,5753
479,-1926,6369,-5425,3655,-9109,-2369,8276
429,434,6222,-7599,8417,-8877,-1012,-9888
-791,2093,6545,-4687,15809,-21250,1190,-3491
587,411,234,-1787,21057,-19387,-4328,-3697
280,2441,8716,-7445,16330,-19767,55,-4894
619,-2325,8541,-5181,14280,-10663,3849,5749
252,-1930,9512,-4248,14413,-13967,-2733,6403
227,28,4001,-8862,12322,-12664,1484,-6677
870,2259,4040,-816,15964,-11627,901,-3654
521,-337,122,-3092,16378,-17066,-539,-4440
658,446,4603,-1732,7790,-13824,-1225,-6095
803,-175,3776,-4457,3928,-13210,4737,3447
899,634,4066,-1811,15060,-19727,-432,6272
-779,931,8207,-7644,21585,-12524,-2937,8210
335,886,8265,-1271,13575,-18490,-646,-3772
-297,1731,2714,-9056,7472,-11004,-1202,-2263
8,1065,8856,-5189,15346,-18282,2017,8217
-400,1303,2243,-7893,13413,-15718,-2682,-8402
-109,1462,62,-8141,14366,-2150,446,-4223
208,1890,9727,-3274,11040,-23386,2278,5070
655,-1609,7533,-2502,15142,-4249,169,-980
-966,-2384,8570,-5835,21641,-13567,1604,-5341
-766,751,3416,-5744,23659,-21999,-963,5289
769,-2280,3156,-86,16717,-2778,4051,-1789
527,-1413,9454,-523,11451,-18358,-4407,6797
-27,-1002,6741,-9192,6773,-16688,4169,-139
506,-2451,8738,-8916,14336,-16361,-4649,-8621
870,-2117,2439,-3182,12357,-20108,791,5990
-585,-278,8664,-6680,16898,-24244,-1531,216
-178,-2217,5723,-5857,17775,-8675,-2439,3034
-341,2468,7693,-4810,20035,-14827,3000,9974
393,-483,7008,-7745,19840,-17717,-4198,-8443
259,2481,88,-5044,22680,-842,-3930,-3268
-10,-1886,8183,-6650,15696,-10848,-1865,-8093
561,1684,8015,-9886,2054,-11742,3223,-3550
226,-2128,69,-3811,15217,-13345,4309,-586
946,2486,3339,-5980,13660,-19151,-2849,6809
758,614,2208,-7993,8567,-21249,4733,3145
167,-1594,5577,-7723,10279,-8036,-2970,-5886
323,-954,5316,-9454,15490,-16564,2184,1064
-630,1900,1248,-2344,18203,-21881,-226,1285
-466,-577,4782,-5309,14682,-13769,-1934,9687
-186,-313,2120,-7552,3642,-1926,3541,-5468
289,-973,5851,-8991,8719,-20716,2243,-5242
89,-906,7270,-4177,12540,-9371,-1227,2523
385,62,5466,-5511,4220,-11312,-2730,1251
-823,-2415,7430,-4101,13757,-16162,1883,-830
-938,1322,5157,-3324,5069,-19683,2363,3688
497,1838,99,-8355,9471,-17601,334,-8405
-220,-2115,7523,-7971,3832,-8161,4375,-9836
-175,-675,7284,-2756,23362,-16868,2293,9418
-815,-2089,4501,-2283,12956,-9803,4123,-4119
-74,554,3986,-4539,885,-24941,3262,3849
330,-1416,469,-4145,24968,-22597,-2970,-2316
785,2434,8551,-1816,12378,-23357,1012,3410
-20,-1283,9483,-9675,2128,-15867,4432,-9384
425,1310,7127,-3608,13089,-13672,1550,-1778
-301,-1773,6524,-4357,19558,-12695,-1314,-6278
989,-182,8685,-4273,3735,-10197,-4762,4368
663,1902,356,-9467,7016,-10521,93,874
994,-945,5290,-6260,1506,-11750,-2963,8466
340,-1732,8755,-1502,10600,-13907,-2324,-5443
107,-1592,2062,-1618,11492,-11858,-3266,6244
99,1392,7687,-5319,846,-4957,4651,-7852
124,-511,5809,-8057,5001,-10237,3263,6067
-777,303,3647,-4013,13238,-16885,-3368,-9269
-743,-559,5867,-1946,13318,-20602,-3206,2604
-425,1600,596,-8370,19363,-19452,-260,7981
630,1828,2989,-7266,8627,-15180,-606,6576
189,2023,3739,-3215,22059,-15176,-4067,6069
985,-2211,8086,-5502,10676,-46,-969,7407
-358,1868,3144,-5125,13132,-472,-2337,496
321,761,2298,-2882,6209,-9191,815,-2573
-691,-1180,1012,-4928,17270,-20749,1958,-249
-373,-1438,8257,-2396,11255,-2977,-2521,5364
-903,-1237,8036,-3042,303,-8540,-2869,3479
530,775,7872,-3751,13696,-14509,-2324,5588
-388,1317,7301,-5068,15248,-2409,4949,-998
637,-1458,3835,-1526,20346,-7579,-1594,2971
566,-2147,4848,-8758,17871,-4785,-4670,8677
-782,-1267,4655,-8468,7489,-24184,3759,-6107
-437,1303,7974,-8320,20244,-3776,-886,6650
-621,-973,5457,-1368,23129,-10310,-2338,1041
-786,434,4696,-4086,9491,-23962,4337,7158
541,508,5248,-8152,323,-12383,498,8439
206,2061,7707,-711,20137,-2581,489,1873
978,484,3846,-6238,10115,-17148,3600,-4075
-502,1770,579,-8507,14390,-11216,-4204,-7914
720,243,4650,-6230,23338,-22327,2125,-6174
130,-1026,6838,-678,13461,-14465,-1380,9596
673,-1813,9860,-7383,12119,-13607,4875,3278
-838,1015,1850,-9703,3082,-4327,-2820,9392
-708,985,4863,-8045,24539,-13940,-947,8013
279,-1316,3071,-9153,8937,-5842,-3068,-3417
-53,-2175,9608,-5608,20980,-18976,-2541,-704
793,1208,4243,-7302,2836,-26,-655,-2915
-643,1214,211,-539,12198,-18118,710,7559
-239,2372,150,-1415,10931,-7076,4282,-2089
625,-1060,7329,-9856,19410,-15387,203,7377
941,-2371,3070,-6156,18383,-729,-1376,3691
-75,-205,3949,-6241,7303,-11026,-3733,-1093
539,2414,8159,-5378,20125,-15124,1753,8830
-354,-358,1630,-9341,4081,-2335,-1704,7259
-202,-355,3718,-2264,10749,-18276,-658,593
800,2125,8239,-824,23514,-19409,-2934,-8179
-107,-1801,4418,-4564,12599,-8727,4558,3773
-646,-1519,4549,-6836,21003,-472,-3508,-1800
-914,-1427,3247,-5219,21261,-12925,4018,5457
-369,1768,8984,-4250,14746,-12850,-38,3746
477,-2384,961,-7849,17283,-4661,-224,317
-499,2254,8828,-9856,1449,-7973,-3775,9791
-798,1293,6762,-1611,16914,-24406,2381,7472
-877,1111,4075,-2765,14554,-7031,-404,843
568,-1288,5042,-165,9080,-153,478,4376
-663,-2213,4574,-2138,6006,-13143,326,8234
-39,2390,8053,-5785,10535,-20948,-14,-8418
-858,-627,4806,-4841,16194,-16972,26,5774
-177,-1579,9485,-6460,13994,-11963,1119,-5120
-387,-1987,2251,-4220,3859,-20378,532,-7434
135,845,2808,-2570,8953,-6772,4392,-1227
-103,-1967,4736,-3848,12454,-7814,1443,1654
529,-1137,1576,-5973,2336,-4047,1763,5807
586,-1442,9370,-2185,10811,-6176,-4346,3422
148,1604,8641,-3791,1377,-14286,2867,-8250
-548,110,1798,-2507,10746,-22445,4096,2810
-661,-1687,7825,-5504,22631,-8048,56,-5713
-476,-1881,1797,-6223,19274,-20289,484,3984
348,961,1708,-9540,976,-5856,-1656,5614
1,2382,4441,-2501,15827,-9705,3390,8293
59,-1205,8681,-4493,19454,-18279,752,-8283
257,766,7538,-13,3887,-7131,86,-3849
67,-876,6043,-7287,24279,-9116,-706,-5041
-524,2101,4693,-3200,11210,-6890,4822,-7378
774,-1612,5616,-9951,9435,-1296,1072,9064
-555,-346,2780,-898,20870,-2843,-2738,-4926
-335,-1972,4800,-5126,21450,-19897,-3795,-7400
-117,-1361,1437,-2479,14809,-20567,946,-3980
563,1105,328,-8275,21937,-12062,-34,8133
-505,431,1956,-4222,12641,-4144,-3108,-4306
-145,452,6492,-8525,2722,-8434,4314,5785
671,1733,7596,-3440,7745,-24287,1788,8637
-675,-1725,6186,-5780,21293,-4918,3307,3915
-4,-2230,6193,-27,22026,-21084,-1292,1644
206,-2452,7371,-4880,7303,-4865,-3524,-4740
-789,171,546,-8933,2121,-22791,4601,3467
-822,-1332,3045,-2078,3182,-6172,-1504,-3912
478,-2077,1813,-2657,21067,-20755,4998,8534
963,-2220,3612,-3884,8232,-14339,3534,7949
530,1069,4334,-8566,4455,-8870,-4726,5892
-786,1711,4389,-6052,12047,-14702,2843,9168
-358,-1559,7608,-7906,15513,-18571,3947,-5027
416,-1743,4696,-9878,18162,-24209,1152,-8257
351,1280,3071,-2253,9926,-5023,-4834,379
-592,1862,2908,-6802,12071,-14963,-3261,-6373
1000,671,9266,-5512,20761,-14446,-828,9684
-439,-299,9039,-1944,16614,-18809,4938,6454
591,2340,2302,-4182,5395,-13915,-3680,-7498
-916,-635,8982,-3643,21052,-23622,1647,169
400,-1023,7345,-9515,10717,-5587,4835,2238
-857,-1930,9723,-6857,1408,-13380,-642,-8684
683,-2485,802,-862,16765,-9525,3602,7087
-343,-1852,2792,-1391,22565,-20832,1336,7282
248,-2213,9543,-4239,10275,-18197,2705,-1626
105,861,4046,-3261,13989,-15173,-4312,1090
-682,441,982,-2228,22641,-10135,-3666,1278
-356,-2103,8037,-6953,19855,-3618,-311,-5379
342,2160,8828,-7189,16108,-8300,4552,8514
179,1954,5731,-7120,1227,-3556,4741,5862
270,1764,6338,-2038,6530,-21637,774,-6008
758,-66,170,-3105,597,-24561,-4465,-3686
700,-722,9486,-1013,20103,-4309,3606,-9121
-742,-1767,2920,-4788,7254,-2935,291,4876
-815,-313,1030,-7596,4367,-2307,2015,-3568
-820,1969,8125,-6942,19077,-12280,-614,-2576
-874,1783,8528,-2401,16578,-21038,-4162,-9536
313,675,6957,-1105,6111,-12911,766,-1903
712,-1578,6160,-4182,6207,-11103,-2938,-9704
-308,-126,6701,-842,14735,-11832,4799,5386
976,725,5199,-5827,79,-18741,4836,-2446
935,-106,529,-5413,16190,-16254,-21,7838
-933,-1050,1427,-9318,11285,-24129,-1304,3021
327,928,4830,-5076,22028,-17159,1699,8601
-682,-1105,2345,-3978,5574,-17404,-4534,-5861
-403,-1386,8903,-5816,24024,-3435,-653,1966
-540,1965,8480,-4601,12686,-14640,-3090,5960
-266,-1325,1734,-8,3544,-17441,4747,3617
-680,-882,5889,-1722,3539,-24828,-3564,7037
685,1662,9134,-9584,16068,-4507,-1351,-5278
798,-2379,3119,-8834,9274,-23427,-1859,-2529
420,345,1614,-1923,22431,-8137,3525,-5408
-427,458,3806,-9038,14164,-10240,4707,8744
-470,-1574,3138,-3093,23365,-9186,4861,2577
-502,-1186,3150,-9777,12323,-171,-3877,-883
-582,747,6983,-8494,1371,-17066,1150,2145
-888,-2170,8254,-3519,14508,-1231,902,6270
596,1752,9169,-6786,10931,-9365,4592,-3261
-752,902,7825,-6550,4458,-5754,-2988,4280
-683,847,101,-7992,5435,-11091,-2402,6596
818,1020,1160,-7571,14118,-8879,4990,6348
877,504,2198,-1152,4754,-18207,-3668,4789
362,-438,3781,-4000,9682,-4864,584,9896
-364,1014,3574,-2941,13171,-24326,-607,-3899
-31,2160,170,-142,12053,-17693,-1127,9546
511,528,5307,-1356,18493,-8625,1100,1279
936,-1176,345,-4343,20755,-19951,4075,2166
545,-1417,3593,-5570,13846,-2951,-2972,-3159
-670,-323,9877,-8930,23805,-5533,-3555,-4230
134,-1766,4240,-6487,16682,-19694,-219,1100
694,534,5810,-7420,18380,-13714,4528,-2318
-866,-2312,4619,-6778,1230,-16186,3767,5432
-210,383,3719,-1749,24233,-12982,-2931,-5319
250,-1277,3185,-7602,6267,-7457,2426,8755
-738,-861,7990,-2387,6339,-17068,4024,9225
311,2463,1223,-3658,10612,-23599,-3640,-4384
-417,-696,2709,-1921,15005,-11078,298,2749
-174,2375,620,-4761,11805,-16777,-4861,-7896
-726,-2469,8,-9501,19212,-5169,-4520,-4232
-726,-1705,2025,-1823,2929,-23870,2724,9612
-787,-1888,2972,-5148,10895,-12722,1444,5628
772,-490,6191,-7150,12843,-487,-3579,9129
-511,1645,2401,-9175,18899,-19666,-3071,-8009
-314,-829,2438,-5566,19667,-4216,3388,-4889
557,286,5170,-4721,5343,-1977,1086,-3006
-25,-709,2806,-2378,18272,-1533,3290,-4498
224,743,9838,-8234,395,-21547,3260,4900
813,2165,1626,-8987,19398,-21919,1222,3988
2,-686,8443,-9850,8970,-1239,-1346,-592
498,-669,6063,-4536,8915,-5172,-600,-6732
126,1287,9244,-8581,17032,-20341,-3541,1482
-281,-2324,2891,-3053,24809,-8796,4447,5517
221,2332,8327,-9638,9806,-18429,-2122,-9670
918,1877,395,-9305,3805,-1334,4491,-5697
-118,-1770,5621,-1485,21501,-24856,-3036,5938
891,-1481,4082,-2443,3416,-5296,3,-9789
-331,1627,5966,-9544,10657,-15040,-1191,-6605
-855,1020,9100,-5071,18083,-21171,-1114,-657
82,-1163,3179,-9558,2186,-10353,3920,-2880
-400,-1242,7792,-4857,13152,-16054,244,7754
-27,-422,7781,-3137,3055,-9004,-3295,-9682
-63,1714,2976,-2663,19070,-11079,3667,6697
-315,1010,5837,-4209,18241,-8774,4845,2608
901,403,8606,-5888,9965,-6959,2694,5172
426,-1310,7753,-7738,16802,-3885,-1891,6397
-588,1314,6399,-9382,21298,-4470,919,-552
572,1748,9624,-512,17518,-18518,-1433,7721
-898,-1141,3283,-981,6245,-2889,2584,8222
421,-855,434,-6776,3400,-24250,-3849,-9535
-44,-740,2443,-8810,3573,-9494,-4715,-2420
-432,-1888,950,-5861,5569,-4145,2502,9450
-653,848,3109,-4448,20025,-16312,1786,-328
-56,-172,9808,-4677,19503,-14232,680,-1267
366,-2036,9833,-2389,10912,-19996,2222,9073
289,-2461,4040,-3415,4534,-18772,-566,-3248
174,1542,3049,-9398,3639,-7334,3441,-837
535,-2271,9434,-4257,11910,-11497,2029,5574
-969,469,7861,-6832,10310,-24065,-4821,-284
-805,2185,9979,-3778,360,-20572,4599,5501
-830,331,506,-5011,13597,-2490,4023,-4048
-631,768,6697,-1326,4771,-19309,-1492,8646
912,115,1910,-756,12890,-24098,1072,6896
479,-622,2375,-5038,2764,-16905,300,-9891
-870,849,1202,-8100,24253,-20813,-4738,-3830
-579,1174,4334,-3991,5364,-9205,249,8532
-115,-595,7158,-7186,620,-8104,-1435,-9207
-852,2245,7061,-3490,396,-11548,-3039,6019
732,-802,7312,-6092,5687,-2785,3999,445
-752,1099,7873,-5162,5943,-3014,-1657,1013
178,-1617,8491,-5427,17831,-18995,-720,3216
515,568,6821,-6480,15773,-11601,4781,-9130
615,-945,9532,-1396,1693,-23909,-2857,-2065
-862,-1766,9173,-111,8655,-22405,485,346
-609,-590,524,-8066,19487,-9616,3309,-3653
-216,-223,1644,-3781,23611,-8343,435,5646
336,-1939,9567,-6630,13240,-22588,-906,9588
-673,-1249,3324,-8593,12640,-4091,1809,-9321
879,-2033,3277,-1814,12352,-13866,-3273,-9916
916,1323,1203,-8118,17328,-4560,1779,6192
880,650,4111,-3728,2024,-3300,-4737,-9758
-205,-959,7762,-514,18452,-4503,1749,3335
-657,692,5278,-2409,11313,-6694,-35,-1804
-677,-1009,5341,-1609,18120,-18237,-4679,6054
-238,1350,2764,-580,18869,-1159,658,5571
-583,-271,8871,-6867,2174,-2116,-1346,5616
219,601,5835,-8477,9885,-19508,-276,-4434
-579,1034,8022,-7551,2190,-8209,4417,5084
356,1454,8701,-7780,12094,-15328,-1154,-2239
951,-1899,5214,-5896,9699,-658,4444,-4169
-692,-198,8218,-8872,8040,-17452,1148,4637
259,1701,3659,-5413,19914,-16259,2862,4733
989,1257,2694,-3207,24945,-8808,4161,9070
168,-934,8031,-2969,22227,-18330,-2181,1465
-894,-250,2989,-5477,12358,-13364,-4932,6866
901,-741,7142,-1238,19964,-2310,-1140,3068
292,-288,8116,-8858,21562,-12434,-60,-7302
-668,-972,7309,-8418,19054,-21708,1417,1487
-430,-132,5327,-2188,24104,-24311,-2631,-1973
-560,1896,3564,-9903,24975,-9567,232,-5072
527,1197,546,-1574,10211,-23371,2117,-1066
942,-685,1536,-7234,8549,-2496,151,-7432
-845,-2465,88,-7722,9333,-20820,-1747,4311
336,2239,500,-8237,10107,-22017,3247,321
999,358,9651,-4276,511,-5374,3103,9293
881,208,3159,-6248,604,-16269,454,4716
-385,-378,5475,-1043,10274,-12722,-4121,4451
668,1945,9453,-8597,10608,-16802,-4804,3496
-826,70,7584,-1848,4962,-15818,450,-3242
-539,-584,4390,-8427,16318,-14944,-2197,6254
755,-2111,2732,-5355,15271,-455,1050,9020
-824,2377,1115,-9057,24054,-16072,791,-7569
913,-1692,6008,-7497,11384,-17751,2215,1930
-753,-883,2177,-5662,24535,-20264,3039,1948
388,1122,6527,-8505,15137,-7473,4536,4889
619,1178,8363,-8111,12254,-9176,-41,5900
44,1052,3936,-5451,4674,-3459,4212,9437
-942,7,8602,-2388,7064,-11348,3725,-3511
449,-740,6512,-3941,16587,-9821,-4732,-3735
-533,-696,614,-1138,19985,-18715,-93,3048
-764,1990,5432,-9755,18650,-9888,-1302,-5459
775,-1877,3931,-6752,17989,-16025,-767,-1995
-54,-1642,7237,-3400,23761,-14897,-4344,4495
905,-1724,3324,-838,18065,-7728,-1713,4872
-246,1251,4274,-8675,16560,-9490,-750,5317
-902,-271,934,-8746,23795,-7725,-4195,-471
-332,-265,7452,-4405,19846,-19383,4812,8124
999,246,5063,-5626,10494,-17269,4783,1779
606,-916,4863,-9036,12186,-6742,-245,1146
-930,1969,9423,-4012,13173,-20368,-587,-3645
-562,498,2304,-1272,10425,-14048,-1094,7844
-626,479,6113,-8398,10883,-18420,1560,-1637
249,-1128,9798,-8507,18623,-1957,1994,-5050
517,-751,4084,-7921,1735,-17733,3536,7240
344,954,7298,-1342,9655,-7990,-4690,4568
282,-495,9018,-1638,20716,-15277,3004,-3325
389,1088,9566,-3327,22824,-23535,2574,5059
673,240,3550,-1887,4750,-12529,3265,-2741
2,-171,2833,-4790,7348,-536,-1435,7444
-1000,-840,2035,-8482,18410,-17637,2465,-6894
-794,1057,9070,-9439,4755,-5972,-2056,-4161
906,-969,9697,-9366,13624,-7970,-1995,6475
-484,-543,7185,-1792,19964,-4871,-1266,-4912
-774,-492,6355,-350,14565,-21948,3743,-1338
471,-1611,374,-2994,22141,-1781,2334,-6607
814,-2235,3760,-6481,13116,-6496,-3336,7597
-571,-1116,2270,-4680,9240,-22880,-3875,-9756
761,2348,1858,-7487,22541,-19035,356,1352
-155,-260,9841,-2921,853,-4606,1292,4874
616,-1531,6557,-9431,9971,-10511,2853,-99
-219,541,9169,-4118,21338,-16502,1371,-1911
129,939,6762,-2603,6507,-19194,4756,-1040
183,-827,6762,-2227,11759,-16476,4269,-3876
208,2016,4006,-2916,784,-18950,4287,-4441
201,-675,3978,-8153,21594,-3328,2027,-972
-191,-1722,6861,-1984,6259,-4889,2091,9833
611,-16,4223,-2242,7298,-6293,3487,9506
-869,304,471,-9857,2465,-12741,748,7804
-883,-319,9792,-3011,10367,-3907,584,-1508
678,-1195,9097,-6455,1312,-22375,3404,-5609
-730,-1726,8677,-3034,21095,-20997,-4584,-5053
191,-1894,4605,-2657,8430,-10011,-2715,-4627
174,282,1591,-632,9121,-6093,-2374,-4499
283,-60,6869,-837,5685,-5245,59,5569
565,751,1355,-6291,21997,-12732,-1479,-8251
-70,302,292,-7911,15351,-19566,-2146,-6896
625,335,4528,-9224,11900,-12535,-4921,2064
349,-1601,3920,-4399,9826,-1019,-355,-2337
855,-1889,9543,-6113,22870,-9637,486,9487
-196,2342,5632,-7684,15364,-20981,782,2948
668,-550,5068,-2180,13898,-14089,-3832,-3142
775,1629,6943,-6975,23659,-12856,1766,-9984
-727,-1288,9255,-435,18265,-10837,-2793,-1938
99,-1621,4592,-9525,5481,-6799,3991,3286
-928,-2300,8714,-180,8079,-6080,-2010,-4564
-15,-1431,4524,-9495,13913,-13955,3335,4000
277,2406,1020,-9788,4912,-24245,2266,-7651
-71,-553,8115,-459,9963,-3083,-948,-6309
250,-1746,1166,-2115,10281,-12788,-3627,6145
-897,713,7808,-7600,16663,-12490,-735,-8421
-318,-1750,2033,-4898,3178,-4746,-4651,-4372
-925,-383,5505,-7521,15595,-291,1484,1492
94,1108,4475,-4840,8689,-13875,3167,9941
-957,-569,2784,-7706,21441,-21944,-4230,1884
-336,1536,8894,-2393,9844,-22194,-650,4229
465,-272,7641,-3921,5431,-2801,4384,8809
368,-1761,1792,-4218,10478,-1886,4268,-9027
-690,2262,662,-3595,12230,-1328,3199,7018
262,-1238,8757,-4328,2641,-5114,-2479,9801
181,-50,3024,-1548,15739,-10826,2096,6249
343,205,7059,-3940,19574,-8387,1494,5673
451,-1039,8485,-4569,15568,-23388,2330,-2142
659,-1372,3780,-3580,22528,-6659,1783,756
-610,-759,1750,-1642,1258,-24974,-71,1764
867,1260,3134,-5903,20134,-15785,700,3318
